ID,Dataset
36aa9c237f40b8a3c78b0fc2d0efabc0,train
0846f0aa92510261fc9a43753c9200e9,train
a7d5017833ac10e3ce5e0c4200a10bb8,train
87466cdef2e6832055c41559bcb059c4,train
d8ee8882764de37287536521e6861577,train
ef2be88e5416fd562bb64d993d562aac,train
d62f9b3ddab9f91971aec06f4dc7d38e,train
68bb53900110057d56fa21b0862ba1fa,train
c63d2c6d04ab1047de1c94fd4e24c767,train
8cfcd5fea589f6dbed9718122a51b456,train
3bbede35547806aaa8b209f6db8ce560,train
a8f47cdfb84d07e276007a7271898453,train
8d12db7130a4201166e9130996c57456,train
d8b45773213a23977bbce50794da8c60,train
1769633abdce645454540417447209dc,train
356706d891a63eba7219ffe44fc427d5,train
dd1dc0282da4b11f6b932bb7cadea978,train
d8b54c9506d374b55fdcd946d47df26e,train
f692013b816ed18e61fc9b57549bf098,train
4c70d1a88fae5374df169d431096b0f5,train
e2d079c1ce5a41bc954b6c2f2f162fb4,train
2ad38b8810b55f0b8fc4eac6679e026e,train
faab087e0719ae56bce4bef2503d2df3,train
b91447bcfabdcd46b501a135b137c6bb,train
a7a0526b4b37389f912e2288ec18db04,train
26f654b8498dc6533cb4f682b835f430,train
7ab669383fbff99d7773a52b85386c4c,train
ebe2c9d64770333d7ff9a59274bb63e2,train
8c7c93cf0567fb2c6f78d654852a919a,train
244eb551f3dc6218e23b79f760ec258a,train
d9ba29a1b7004a603299f5e16c8784eb,train
a245e1caa6a1f0b31c3402183bfb23fc,train
a77f7205d4164b2fb9e4ba9035a34338,train
35b94d8e41039a2179a1199a9f13cf80,train
e5913df62d63db2ecc4de57715edfbcc,train
5fa33d4206967d600d4aadaabbf51237,train
8b7cd7bb872d19e1e5c7161a96faafec,train
dbbdcde34c26c27f32496c2a39c968a2,train
daebd3111e6791881e78344ff686efe0,train
96fd18069ee6e993626e7f9d2cbf0478,train
ab931ae874d335f85f0b6b9553578ff9,train
05b592a8fc4ea09e227f1e5097543ed3,train
96bbcca8fe2980ffba9b49821a6f8110,train
da3845b8fd203bd67aebb3542b6f619e,train
b2e0172833bd1ddc2226ef9b63f72b02,train
033aa8a157a10781731277a7820303ab,train
c7f5da40b2e0db3859207583f0e2b878,train
798862da468293747af9c3c51f787171,train
6b380d489a1092ca1f9f10b710ad69f3,train
0f5196fc3089cfd0e81bbddb1ee14f1a,train
04cd47899ef3217d3983c579a3bdaaa1,train
9913c93b6a31a5965be63bcdf6780845,train
1840ffbfcfa0d668412aa7e15e3e8a5d,train
75bfb85ad15c4519462da0eb1c2907fe,train
57dcb205a2db848c927b214471e90463,train
bc0343563db4bf7a709dd212977a98bd,train
4e60e89ae1c8eda1531f2c0f6de7c59d,train
ea67c096defa6398a40dd08aa3273c4b,train
d83dcd1072ea9195489f34359af7f23c,train
6f30b40e09fc8099aa8e43789badd8e4,train
0812d42609939ef1f800d5652b995a97,train
42228b63b62aa01b0456d03410207728,train
e800512c0c7da963abed74c2bfe70dae,train
2c581ec836d009218522038ee1471f59,train
a7cc7aa6f6cb0b027ab6213faeea9ddb,train
19b4fc42a541f477a2e766fe8e58a1c2,train
6f3ee4dccacf2eb257085f8cc62ec45e,train
927ace9d7e9d016e7248047715fb560f,train
3e3138d0b409d4c3899855b5f3f92a83,train
4f358f3fa38ea2b001b0ea6181798942,train
63500d0d38d012e85c60f9504228ee58,train
32daab0a4e63a8592b66f839ead06a24,train
d87982d410b0f533fccebf93c542b569,train
54dee2d17a76e33500dd11efcba566a1,train
5fb36702df839a614503909a9bd1b2aa,train
b0fee1692044a19460f0cb042289af3d,train
d453ffc0b2c89bfd4e8eb7d89d788cf2,train
9dec1a6a280d6423fa27235a51e31185,train
e90d19326fc2f9d1b234cdc2c93a6309,train
a3429560d94dff7223c6df9ffa3807db,train
2d86232a8392666bcf3f4b22b2372b29,train
938115018344e4c5c17638062dab0296,train
efc64b8d006eefe6bfb5850c5bb7ddf7,train
8bd99f03aaeb217db0c33f9ff1b8ef01,train
a2c84ad8125ce6358d7d0138ef3760ac,train
873af7f99f667c9baec39213ba452c62,train
e293ec7571d57a7d38f249ca8ed750cb,train
4c13bc68a9dfdb5987a103f1581ab1d7,train
3114bfb7e2968f1565b1beb22800cb82,train
bd5a42b5a485c1896caa52b8dd7d911e,train
b73e4b4f570eec37e1055fddd9bedc04,train
42b367853334bd0497d0ef54aed44235,train
2ea69eee0c88a0b7b6640c761472efd5,train
e30c3e882e5b711b01ba878f0feea9e9,train
cab45f7a71e3cbb1d7c40978754a59f9,train
f5b868f560927a0626c5165ac7d7be91,train
4529222361f48609f2db9f0c1d82e1dc,train
95ea6d55d2fd98d9e8a46cf2439024d1,train
c415217752a03a14face9c2a3b6afc48,train
3ef42598c82a5bd23cb385f4e73c0b97,train
3fdf581e8681b1112a071c26baa2c817,train
c374405432632310928bab499d4a6a76,train
01b8a7599994f9091bb0214f54fbb17f,train
6a91353b724e111f3bcfb2be1a7c499a,train
61cdc3ac8e72f1f333607588fda89acb,train
e6da537db0c4f09c18a2970c7fd27461,train
c964db0d3daaa3079d6ef8e3ff514d66,train
73d4cf5453925e5733176bf0557c9788,train
f00d41f7b22e71afdc3f7061614e10c2,train
bc1ad579c4060b40921b3fc8c387cf12,train
e43f9bf08227043adf077561198be1f5,train
74cd3e722931ef52b39d68f424744a00,train
bbc6e06d511b4cd9253dfac22365138e,train
da94ad3dde7ace2bca5089dea2b87c41,train
e12935af27c37f22801ac38f7d8becae,train
9e4809ae41a64a7baa477bb652d3db3c,train
a38ea7ac4afb58c61656709f5149d70d,train
363d986f8e198a5f8ce4552723654a32,train
44b2d9cafd2271de313ecf769ec20b60,train
cabc4ecc9c5e962cbfdec1505734bb34,train
892027723bd2a2ba3a0a74ac82ad39a3,train
9f6c55414a18ff9972027d39f47a56cf,train
78eccc0c4158b1276fb0738efbb20c03,train
33553f46f4df3a4b70e141db3f54e75e,train
15333b58ea229e74c0512d6b1a166f80,train
7cfe39ae028c024473a92b0a645c8dfb,train
3654568860f818be30445a0add8993e4,train
6a24a0e221e4b12b85f47d5035d42815,train
c49b1b9ed83999043b9085c6cb6ad799,train
5e12902267593e6c4a81a2d66804eab4,train
f247e0ed7aee2c1eb1d056f1b546c6c9,test
69079049f6c3261bc0c5c6f0739dc028,test
cae1fe26c62725cecec4b7af61748f5d,test
621e2cf32f30a7d70f63dcf3d2f4686b,test
e11c63453d905ceeab4a17797a11725c,test
634b671a16a9f777162b809cb532fc88,test
a3dc060137b711a2736bebc5a72edc77,test
ded18990eb363cb9a677f0950dcd55e3,test
6bf5d209c786cf6125517a30de3bcb25,test
22fbc5938e943d47088468e3ae071dcb,test
e715d7132b1168f4222f312e7cd33252,test
dedbc7d65f9a3cd6e0bc2966bdd9d53a,test
982ce9fdb91c9854162de8c383a4e9e6,test
d019b433ca2b67eea1e66900ba1b41c3,test
dc3b4ac5058d5b3fad837ea303684f61,test
77bebca93d6ad3a53552896634184ba9,test
3f70e8e266e58aba0f5988bceabea3f7,test
ea78b5439a192b75c8fc9248d64d3315,test
94ea783e028c8409d99ed48e0c105b1f,test
4e174e4ace637aa74655dfd6b5be5e1f,test
dd8e7b5f78b92777a002ab04f52f80e8,test
f6c5290e513ff8d3f6dda92289d8a409,test
08b62eb8d83bdb169dbe7ce368f8c28d,test
b3f8fa60d269d3a442f219ede0fb3def,test
f33472579d8195e8df1cdeaffd0b2f21,test
7f93f3af9a1b6b33ad529d2d232acb9e,test
05de2b09bef8149dc2e5eb096ccf59c9,test
3cbc68a6de8b8439096bec4a52d33981,test
fecfb071dc211b1da97268ff49a87526,test
7433968c73845167ea7f0927fff9455f,test
e70dc22fb4311b48a771c619540003f8,test
13040850235d6ec6d1800b61f1d0ade2,test
bc2af77742099257d770186bdbb72581,test
c8ebff69a80a833d7e06740a493175cb,test
04fe0a26a47b27010c2ed9cb6cb01861,test
9aa4ab7f4108b5405faad27642e11623,test
01069bfc6b52bf184e3bfe2e1cb707b4,test
2b30439a32582cd708bc67f27cdcf326,test
904c016b8ff820d2c7eead66eb4422cb,test
5dba841efd8773ae51c08fd62b38ffe3,test
57829ee8c5e4da6e366bdcae1df341b5,test
e84b443d8c85bafc62a0d4fcf4bd1e2b,test
bd03d1a48ce7c77086c94dfbbb6fda05,test
b4967391d6cd16e1f4c1199cfc62a266,test
79cbe1a635edfc9711d0a4a7604b716f,test
c681bab5cc73ac166d7a53fd0befcd89,test
64ef9e7eac56a40dc1ef87d48cbfcb8c,test
a1d83ae3f7cf9c0c59eb530fe91e1c3e,test
a31d8355dbe4dfddf0c11d423f727df5,test
97ad5d87b0a644aa68170ff3072b16e1,test
7870736a053b3422f465c7f07ebf28b5,test
b44429e8b6d30f585ffa077239c18e54,test
5ace7f47d0272d066d0ead38b2f92a13,test
fcb06ac1246edfffbac12e49196dcd75,test
f153443ccbecb09550f51caeec015a81,test
aed61b5d4d209e3f9a912936e7da7be1,test
32d136a69ba2d641eb5a57812ff02c35,test
cf8f2fb4b728c8f67589a757338c3001,test
3875bc25c6d1ba8605e0ae0f9e79731f,test
f0e7cac5cad5a9d9a8da79d5f9d13fab,test
927c9b7f66712ab6e0a5e199d9fe7306,test
b77bc4a4a2d9aace6e7f7b79fa34f565,test
c39b394352867f58406ad47f2cbcc344,test
5e01fa4f1cde6a79315b45dbd655223e,test
5708cc6c24f5f372985e4fd70850a1c8,test
90f42401f6898c4f50426eea08ce7e28,test
50dc3ad90ce1eeea19311ae1e2cfab79,test
cbb2f3e672837007800f31b40b738476,test
e1a4f7609addba167b832a8f014fdc1a,test
94982ca2f6fd0b11bce18d8cda82d358,test
1b3b757c336a63255955001774bd1d59,test
3167e47658acf39935c03fcb33da4ef6,test
d851120699b9b25a29f6fc4144fbe192,test
3d22671349e45e7f8e1ebcb1cd551df5,test
98cfcf89f081ee28b6b1db46c85358ca,test
996d10c4890a49d2092395c72f2ee93e,test
e239999bd1eaed60099b2ee9834919b0,test
58a60f6c12a9eecb1a1f31d940b11a67,test
e7169e5b5cbcf10498cbbeb9f41e5875,test
4ab65cde1393647e50a2455f3c68749a,test
7f59dc5a4d9f459d69431b7f111dd039,test
93b60043737adf8cfb622470aa2bebf2,test
b49959e941f1deebc28e532ab7602b78,test
bbdf6fe24ca4ea4274833f65c70a154f,test
5f596dad186c3d754fcc7dc830c7a2ac,test
ca7bbab4fb8de0c03e17299320f46b50,test
0b5102720feaf9eaf13de0993170b86e,test
eaa3764d6c8ae4fa87d6eea0f51fc072,test
dced097254fef3b01825495be21583b0,test
5b98927944144fee178783cbbe7946a9,test
53785349dd93e87c7851456cbe566d1e,test
936c2d7b12761cfd57abe2b3b4859ea8,test
3556194b5ea590cce260321eeaf3559e,test
66888893c771e80cf187a23833b66501,test
a732c38ec44ec2c5fc0da8b40038b161,test
d418193b5cad9168270b1b0ec8d1b043,test
74772582fdd99357b1a892ade529b41f,test
3b3c0b997aebe15dd6770e3896f4847e,test
ea23fbe20e527f7afcf11571a0de581e,test
89eb15fc3b30b511d07fa43ed57e083a,test
eb0dd037fbf9255f29a613617f3a68e7,test
7b0810179e610ef68ad9acf47ef9239c,test
f0705035b36e39be7e6653f4ae65dea4,test
2554ae383d1da3e216f31b994f7c34b9,test
e0aedda861b0a550089bfc13dc69b949,test
cdb59c43dd5103badde9ca9b2ec5fa92,test
fd20d3df017bc4a68a9852b727fddda6,test
89a623b7bf304520aa961f29fec9463a,test
b24203d91fc798782b581388389f8643,test
ae8e9632691630f47f2db4fb5cf3296b,test
67f1736b9ab10537e0e616cf49835e1b,test
53823498ab84adcc62edd9c61c2d912e,test
e070c0b5b796e56d67cb9454ff50db94,test
3a930a70af6d567a4f6a432996a04a87,test
86358fb712f1588d9fb886be5abe7b67,test
1396ebb7486de8a32ba5fb15a76d3f6e,test
202a09d7bf81eb9faaabffd62f40c4db,test
95b521fc02632de604bd2f77af77c82f,test
bafdda8ca66b119e32c159a162bb3aed,test
752230c3eb8bdc0cbf04dd2c2545294c,test
aa0aaef14505f3ddbda139ef9b5993c6,test
0e7182e1b0dc4cf189ecde75bcbb624b,test
5f9b5d154b4d83e4d997ed3cd26aa752,test
acbd2f43f3f9becd064049bfc35761cb,test
73e5201f75455674a07b783ee6330143,test
d8177fd274e417a8521bb79dd949366d,test
a591d9ae886c57e2fb2c5f1d578dd2d4,test
0dad470600919408733d8e577b4a48bd,test
026e6cd6a8c8812ad83e8a5ffb8cdbb1,test
c4df2d2d1f18f11a4e030b9ee0b60274,test
